ID,Name,Email,Username
d3a4ec91a50447ebb64e395e124caf40,Prof. Benedict Prosacco,VTRJMGE@grWrwHd.org,wEZBVcG
cbec2ba1604540c6bef715c2168a686d,Lord Blaze Strosin,NDOPnhX@rUyAYQL.biz,VRrepMg
cddbba926c834defb8a4e38418995e3e,Prince Matt O'Kon,UAhDOKU@rOqrhiP.org,SFjWhiU
af5d515cef0c4ce3bbbb2d10b0fba17e,Dr. Roberto Douglas,yFJCBhl@FBaIJPK.info,GrvuvFl
13752736db77427c8ef7cc9ab5820a09,King Demarcus Stanton,FxhutWI@edXDEAG.ru,tTpAcDe
b06efb9160aa4169b7f7a95adc7cbd75,Prince Rashawn Murphy,bdcsrjU@WZCekHG.top,MFcXmyU
f3cbf5c878a84a60b76982c5ee67a8ec,Dr. Arturo Sipes,qTQVVVB@belAHvb.top,RwmwtNm
5fccaf3603a8494991d5ce52d81eb4a1,Mr. Lance Kertzmann,EiNbQbA@vCIvoTk.biz,pSfWArx
5787c922551f42e0a8daafd22e6f45ac,King Raymundo Durgan,xPXqsbJ@dINVnjI.com,endsTIL
4d55a836c2d8452c845a13e78509f76d,Lord Burley Osinski,TwDSbIT@tRbgqtR.ru,uKEYJgv
0242da41f40743feb0be0bbcf7f20e28,Mr. Derek Parisian,UGglmoG@TeDAifj.net,gMyxhsJ
19c59919282a48bbb8ccaeccf8518819,Prof. Kennedi Jones,nsMWNOo@nfvVnGX.info,qTOSdqW
9d0c4e22d0e14723bef42ce2ee2f9a4b,Prof. Buford Ebert,pPOBkTf@sxgDZun.info,fIdtDUX
1dbc897a7d7c4addb8f016b6b0b52016,Prince Sid Kassulke,NbhFRBk@kZIxJlT.ru,TORPkLx
492074a46e544425a518bf63e969e641,Lord Roman Mann,crqMUxq@Tdyfpkf.ru,LaqNsem
917373a53d1843e9b71d55c73783718c,Dr. Rocky Smith,XVMQArj@XRHJggI.com,adepUGq
ae45935d2c2648cca788d78e2c47099f,Lord Doyle Ledner,byljncZ@ggKRDHM.ru,OQDhRXH
d180ac3415504f59b45a9303ea9a93f2,Lord Chris Rau,eqlgxnT@qlYJTCe.net,MrHTApj
6cde8808b6844129b92cc198cd15dc59,Prince Beau Oberbrunner,duqRyJt@FaEOQDm.top,HwwcFmP
4e69fed2079b43338df7bcfdcd5dbf12,King Chadd Stokes,SZRjvMI@ImuBPGX.ru,bWYGmpu
9ae5e4b473ae41eb8f1505757ff1abd4,King Humberto Simonis,VgUyJhX@NVitygf.net,OEFKIVd
9f67fa6bba344d3496df77caccad9bec,Mr. Dejon Gleason,OaLmlNw@aXmBGka.com,tGMshlo
6b47cde262ad4a28a0f5f59fb9a4ecdb,Lord Roel Welch,TUJPYoZ@WUDNVhk.com,GPTykCx
53c83c6c2fc94bd4808a17dee7200a01,Dr. Bertrand Stoltenberg,QblsGMd@xaZoMXX.info,oFoeMbJ
2ce38d2b7d664be1aa0620cf9543b80c,Dr. Hollis Schowalter,nrjIacJ@RgMjSHP.net,WktHUxD
0803769377e2448ab8fa94efa75e9a5f,Dr. Victor Kris,aOpZkOK@pasBTSb.info,rdklOaI
4ada24d9918a41a8a7bc1228a4ebd1a4,Dr. Guillermo Hegmann,RBdRCvo@SBdlaOL.org,jUbfnpP
d23598ff2775404a91cf0fe24d6132da,Prince Lesley Flatley,kIqVsRd@HQNajMl.info,mlPqaHS
a28dda36052f4cb78f18b06c58d2fe5a,Dr. Ezequiel Tremblay,wVRdNZg@wevHQAt.top,CNiNKps
19cfb14b7666463f918dba5505095f7e,Prince Emmet Runolfsson,uBynXnY@YRkqpAs.top,VkIDfgt
257568f21a1b45c7b73c256b72ed733d,Lord Ambrose Schaefer,mkuwTem@yjVjrBP.edu,jwjksho
c88d3939c67a40519fb54afbb9ffb294,Dr. Isaiah Gorczany,pwsGilQ@HpmbPyR.info,Ahxjswd
e65cb2b5c17e49c49d767d0765f63155,King Lamar Bruen,vMnZjLB@ANOxLyX.info,ncmZDsH
48527c4463324a1695cf279b694115ff,Lord Casper Renner,IXItglk@qLUiLKt.info,YepHSrZ
04dd5da123994cb8863c54826ecd67f3,Mr. Pietro Cronin,SyjMLnp@HJgyTUt.com,JgYnfeV
2ff0fdbec0e341178ee2d2a19abb3e89,Dr. Ervin Gleason,OgQfPXj@hnrjyjj.org,XdNqIWY
92ab683f7805420e8314c4e33f500037,Dr. Maximillian Kuhlman,IYSmiIJ@UGhPBiO.edu,QmjASGq
a1360a55ef65403fa8fcc1295a103030,Mr. George Schuster,NSLTPWY@ylVKVhW.edu,VQqsZGk
977cc84fdca34c0c817f7e9830d9db7b,Prince Bryon Witting,XcUnqGL@KhWnuHU.org,qDQSjKt
e6ee356041d34299aca9cf809cf43b4d,Prof. Mervin Lesch,bdVTDAs@iJFHjMp.biz,hYEJWlT
e3f8a81b26c9427fa17a40bd70b95ed3,Dr. Alexandro Nitzsche,gyJWoSM@QXpdAYp.ru,CykZcWD
92ef9fc26a0640cdb2f7f98f582ce658,Mr. Mckenzie Gerlach,scmVAKQ@pNXCxFE.info,eSyZlBN
2dbcf462c6c74ef8a8edfbb3f236dacd,Dr. Jorge Breitenberg,XAKpZcC@NMHXaZG.ru,QXWgDqo
3744dd51a32b45eeb7632d0050810874,Prof. Claud Nienow,KSMuOfq@rkLVXOc.com,KFcLXRA
be94d37f2e0b422a886b46250c185b15,Dr. Jayce Bahringer,HQBKQrM@kdmKCXO.com,WvBfSoo
402a4754e6d0405f97d6af00d64e14f8,King Garland Runolfsson,uEOgvbt@aCGihqS.org,YLXknel
b2159fec6d4e40a9920aaff14fd3a540,Lord Quinten Block,uaZeiRk@JRrYNep.ru,TdHdlOw
9a7848eef30046edbbb6680d5fca2ec1,Dr. Damon Mann,afDIRQi@NplmlZP.org,cOIEDtx
8e82253ff3d84d30840c3de77abeba32,Prince Nicholas Jones,ESTbsUZ@faTgYUp.biz,NLjwYcn
346ef9c853514e90a22488deab6d6a4d,Prof. Ulises Mohr,fFAUaut@jHGEdAr.org,LvxVTJN
0523b6e04a824999bc920e5942341446,Lord Reginald Reichel,IjhyIgg@iRgAwLr.biz,PpEQSSq
63c348103dd54aa6b53f21a08d6eda9c,Prince Thad Klocko,vwpWWoj@KLQMRpV.org,pXnJHDO
ee10b0e8346a4a0d990668fd1155fbc2,Dr. Adolph Medhurst,oQMoMEF@pTWwpsQ.edu,CRJFvWA
05bf209f16b34232ab3d686138873c65,Prince Jovany Hand,fmBGICC@MAXVaFR.top,tixAeRZ
ce67243afd6347dfaa21d0a992c9169a,Prof. Danny Effertz,aJSmPZs@HaqjTEb.net,VuRMOwB
0c83b2bc719b41658a4523c78eb39bd0,Prince Ethel DuBuque,VGVsSek@IMfCVEF.biz,WgSkfID
70aba72a73974a50a43be93671334943,Prince Emile Cronin,frqOSss@HBHJbHQ.org,aXGbach
8a7d9f57f24a4cbf9e38e3939d4ba175,Prof. Richmond Franecki,JJVIvWM@NZLvvnY.top,jKXZcbt
b1f23a3e59bd4128a843fd64f152af23,Lord Kirk Reinger,CMtTaMn@sRpIEhg.org,sOUwERA
cddf17ef4bf64328b235dfc989313364,King Julien Daniel,PjZBHLn@pTqmKYV.edu,hpuUqIT
533ca01191404161914f4d1758bd9141,King Arno Hamill,dTFmddA@BIMkIoe.com,KjfoFnv
edc54cc901b1450e990e4f100dfc2892,Lord Matt Feeney,ukEsdMg@lBtHRZh.edu,YImMOVH
c5d87379cbe04e8f8f901308655354ce,Dr. Damien Satterfield,uTOOCIc@ROTCDlR.net,UBxGqyb
496ccde167444bbf932a4881322b6c6e,Prof. Hoyt Aufderhar,PejOcsk@sYoGQRW.com,mZlwLhc
3999f2fb6cf343e3b85a5736f85b6833,Dr. Alford Conroy,yySjEYo@JlrtNLp.edu,yIyNFKo
a08be733daf84f34953e91dd08671af2,Lord Tre Marks,KpNJgEZ@TarfTNm.edu,SAaTpcn
74a1c6f04c1141aba520d11776063aad,Prof. Luis Cartwright,AgEoljj@KgShlyt.info,RmIhFjm
e4d43c755d8d4138acaa33297f05ca35,Mr. Marcel Kovacek,oUvKXfj@gdbVasU.com,EApVBYd
25a48f68084a43faacca3da46e33b4e5,Dr. Bradley Mosciski,DrLQAqE@yhYEJCG.info,dERSQKB
d506421f2a71475caf71f4001018fec4,Prof. Presley Koch,vXItpoi@SQHEJas.org,oKxjfbu
a1973c3ceaa74f7094a1f9b76ed74bd6,Prince Roscoe Carroll,JVPBWHQ@YQDFDuM.top,Unwxyqk
a14dfdac760542b0b43e5475d7e51ee3,Lord Moriah O'Reilly,QqPdHQa@xGIjltH.top,hxAFTNh
04d878e89d3e4f0896096f3f9090b61f,Dr. Ezekiel Muller,GTSYhvN@DItUwKQ.com,aYySHTX
196bff691eaa427d8f72800bf48ec828,Mr. Donny Witting,xaHEdxj@OVQNAdZ.ru,xNfnTAk
98b5ef5cbfc645d8a8ebbf5bc1526da6,Lord Andres Heaney,sDDGETM@wNgfiby.top,LUadVyf
8375e15642c44c109f54887d550dee49,King Eugene Rempel,PBNqNeQ@rLgAhAO.ru,FEkXPWb
3a2df463da40416ea1b3cefc16639977,Mr. Keshaun McLaughlin,KrLqQxK@GmamabK.biz,JiIpGFm
9199237c3df845c09769ca46e856d383,Dr. Sheridan Marvin,MOpWtMh@veLYdBH.top,iptAekI
ea6c1ae3a8cc46eda2e805636c7cff4f,Lord Morgan Willms,ojReYuq@csYDFxf.top,rtlwhAJ
7d4c53f904264453b60c94a8801b9de6,Mr. Earl Reichel,pYHOZDC@xbyCyCv.biz,oYLRnNB
cfb1b225a2244a8ab2b5003c291e474b,Lord Hunter Jenkins,lvGlZLE@ocOnbBp.info,HIVbpiH
dc865e2a17624c798978838f14b02813,King Saul Mayer,Exxssuy@GQciUYh.net,TILPSkW
fece5b64b4204e55b2a6ef64b22647d5,Mr. Nicola Lesch,tpkuxCP@oHaenVi.info,iEiTwIv
e699b0ef438643abb102494c13d15f8e,Dr. David Zemlak,SJLLgCT@pNKmavO.top,ijEKYJe
10bf08876a5a4a7d94d66e6778e8b31d,Prof. Ransom Veum,fAvfbTw@WkAvmpK.net,SFHrCQU
87720f42843b44e893868d3719349d85,Dr. Jalon Wilderman,ivDWruU@iyvMiSA.ru,LYXRZKI
933361e81c3d4fb7a20363e68a4aee45,Dr. Jabari Lynch,ItdYvCI@lBHyOaj.org,xndJwEm
60e8f5a2dad44dd08919bb482cd1bd23,King Savion Ledner,pxEebmC@MYScxfT.top,gGQuWBB
4f563d0fe06e47a89edc787e7f302982,King Tyreek Wolff,wOXFgMf@lUWOgua.edu,RnvllXS
3420fa79a69043918cf708b7dd3db307,Lord Murl Spencer,pMWsZVL@FHaYIHl.net,POjolUe
4bbbacd5247d4a90b4a14cc218d42a73,Lord Gerardo Lind,cbJCQhx@tctCHag.edu,qidRFbU
b335e3fb81b8451992f8916b771480d2,Prof. Dino Cruickshank,MokaPsJ@xgrSRjY.ru,LxVwIfi
4a26b660124a4a809c312608cf292a30,Mr. Jamison Mayer,rRXjhkC@wsYFORu.com,NvdiwbN
e2d94ad1a8394e13a9bf448deee6d391,Lord Arturo Bernier,GDcObKs@ECEiftT.biz,BipTbkM
1ba88811319f4596a143441d23ac9571,Lord Vinnie Harber,QcyKrew@QAWWVrU.biz,jRRFYJK
eab389f5163e43a4a78352cc7a03c940,Mr. Jennings Hahn,DVCbjMB@VWIXhry.com,VNXWnSf
c369c525343d4b278368cf27c952c169,Lord Rhiannon Predovic,OamKwrH@ieOscro.ru,tDsidYA
bbd9d7fba0434376ac30bdcbe6ca3f40,Prof. Jonatan Gaylord,Vjlpcye@jankRKE.net,hUcPfYw
77f2badfccef4abab6369b0848cd8594,Prince Eloy Carter,GIONDts@lHrMdXu.ru,yISDJoZ
fe3545e51919414293bac6fd6a1a63bd,Prof. Jay O'Kon,TkSOnpL@CnxCqRq.com,OsMkyuR
